patentType,applicantName,year,month,count
发明公开,北京北方华创微电子装备有限公司,2018,1,1
外观专利,中房集团新技术中心有限公司,2006,6,1
发明授权,杭州八鲜禽业有限公司,2013,4,1
发明公开,兴讯科技股份有限公司,2010,12,1
实用新型,天津实发中科百奥工业生物技术有限公司,2009,8,1
实用新型,上海杰乔实业有限公司,2016,10,1
外观专利,株式会社神钢环境舒立净,2006,6,1
实用新型,长葛市正通金属物资有限公司,2017,12,1
发明授权,重庆市电力公司綦南供电局,2012,8,1
发明公开,株式会社自动网络技术研究所,2018,8,1
实用新型,中国华能集团清洁能源技术研究院有限公司,2016,10,1
发明公开,信雅达系统工程股份有限公司,2011,10,1
实用新型,浙江尚瑞特科技有限公司,2017,12,1
发明公开,南京LG同创彩色显示系统有限责任公司,2007,1,1
实用新型,浙江维都利阀门制造有限公司,2008,1,1
外观专利,南京南瑞继保工程技术有限公司,2017,12,1
发明公开,昆山瑞普电气有限公司,2019,3,1
实用新型,浙江欧尔赛斯科技有限公司,2019,6,1
发明公开,国网信息通信产业集团有限公司,2017,8,1
实用新型,隆鑫通用动力股份有限公司,2017,12,1
发明公开,武汉钢铁(集团)公司,2013,9,1
发明公开,惠普开发有限公司,2011,7,1
外观专利,宁波卡帝亚电器有限公司,2017,10,1
实用新型,宁波金欧五金制品有限公司,2015,7,1
发明公开,中国电力科学研究院,2014,1,1
发明公开,国家电网公司,2014,1,1
发明公开,鸿海精密工业股份有限公司,2009,5,1
实用新型,超视界激光科技(苏州)有限公司,2018,7,1
实用新型,马鞍山江心绿洲食品有限公司,2017,3,1
发明公开,上海博泰悦臻电子设备制造有限公司,2013,7,1
实用新型,中国移动通信集团江苏有限公司,2014,6,1
发明公开,青岛艾华隆生物科技有限公司,2014,4,1
实用新型,深圳华苑斯码特科技有限公司,2014,3,1
实用新型,成都九洲迪飞科技有限责任公司,2018,9,1
实用新型,厦门建霖工业有限公司,2013,7,1
实用新型,易瓦特科技股份公司,2017,3,1
实用新型,瑞铁机床(苏州)股份有限公司,2017,3,1
实用新型,安徽有余跨越瓜蒌食品开发有限公司,2018,6,1
发明公开,苏州德龙激光有限公司,2009,10,1
发明授权,通用汽车环球科技运作有限责任公司,2014,11,1
发明公开,无锡气动技术研究所有限公司,2014,3,1
外观专利,广州市俊薇玻璃有限公司,2017,6,1
发明公开,重庆零度智控智能科技有限公司,2017,4,1
实用新型,中铝山东依诺威强磁材料有限公司,2018,1,1
实用新型,索菲亚家居湖北有限公司,2018,2,1
实用新型,安乡中意彩印包装有限责任公司,2018,6,1
实用新型,国网上海市电力公司,2015,12,1
实用新型,青岛海尔工装研制有限公司,2017,6,2
发明公开,皇家飞利浦有限公司,2017,8,1
发明公开,青岛云峰环保科技有限公司,2017,3,1
发明授权,北京小米移动软件有限公司,2018,4,1
实用新型,河南省华宝耐火材料有限公司,2013,7,1
实用新型,资溪县竹富竹业有限公司,2018,6,1
实用新型,松德机械股份有限公司,2015,7,1
实用新型,深圳市瑞丰光电子股份有限公司,2014,7,1
发明授权,京瓷美达株式会社,2012,5,1
发明公开,重庆市长寿区锐旺佳科贸有限公司,2018,7,1
发明授权,璐彩特国际英国有限公司,2014,3,1
实用新型,苏州赛硕拉不锈钢制品有限公司,2018,6,1
实用新型,广州市楚航金属制品有限公司,2018,11,1
发明公开,厦门亿力吉奥信息科技有限公司,2017,8,1
实用新型,中国广核集团有限公司,2014,7,1
实用新型,中广核工程有限公司,2014,7,1
外观专利,株式会社百利达,2010,7,1
发明公开,中芯国际集成电路制造(上海)有限公司,2016,3,1
实用新型,四川九一零科技有限公司,2018,6,1
发明公开,日立电线株式会社,2004,10,1
实用新型,杭州赛峰电子机械制造有限公司,2018,11,1
实用新型,合肥柯金自动化科技股份有限公司,2017,5,1
实用新型,四川澳维采油设备有限公司,2014,7,1
外观专利,张家港市东方特种染色有限公司,2011,6,2
实用新型,山重建机(济宁)有限公司,2014,3,1
实用新型,志昌洋伞(深圳)有限公司,2017,8,1
发明公开,长沙瑞多康生物科技有限公司,2017,3,1
发明公开,无锡中德美联生物技术有限公司,2015,7,1
发明公开,上海新傲科技股份有限公司,2012,11,1
发明授权,福建福光股份有限公司,2018,8,1
实用新型,东莞市鼎力兴电子有限公司,2018,9,1
实用新型,深圳市金尔豪珠宝股份有限公司,2017,8,1
发明公开,中铁建设集团有限公司,2017,10,1
实用新型,舜元建设(集团)有限公司,2018,1,1
发明公开,北京清水润土环保科技有限公司,2017,3,1
发明公开,鸿富锦精密工业(深圳)有限公司,2009,5,1
实用新型,广东梅雁吉祥水电股份有限公司,2015,8,1
外观专利,武进县特种建筑工艺制品厂,1992,3,1
实用新型,胜德国际研发股份有限公司,2007,12,1
发明公开,四川衡为营造实业有限公司,2019,4,1
实用新型,中国西电电气股份有限公司,2015,12,1
实用新型,歌尔声学股份有限公司,2014,3,1
发明公开,株式会社钨钛合金,2015,5,1
发明授权,天津市华宇农药有限公司,2015,4,1
实用新型,深圳市港龙混凝土有限公司,2018,3,1
发明授权,安普泰科电子西班牙股份有限公司,2009,3,1
实用新型,江西伟强铜业科技有限公司,2018,6,1
外观专利,中山市群能光电科技有限公司,2017,10,1
发明授权,中国电子科技集团公司第五十四研究所,2017,3,1
发明授权,广州市第四建筑工程有限公司,2019,4,1
发明公开,佐敦公司,2018,5,1
发明授权,泰科保健集团有限合伙公司,2013,6,1
实用新型,宿迁市豹子头服饰科技有限公司,2017,6,1
发明公开,E.I.内穆尔杜邦公司,2009,10,1
实用新型,上海盛普机械制造有限公司,2018,3,1
实用新型,漯河市邦威橡胶有限公司,2014,5,1
实用新型,深圳市海曼科技有限公司,2018,1,1
实用新型,宁波舒普机电股份有限公司,2017,6,1
实用新型,四川金易管业有限公司,2011,5,1
实用新型,新乡市振英机械设备有限公司,2017,6,1
实用新型,中国水电四局(祥云)机械能源装备有限公司,2016,11,1
实用新型,东阳市乐之翼游乐设备有限公司,2018,9,1
外观专利,上海尚浩数码科技有限公司,2017,9,1
实用新型,新疆城建(集团)股份有限公司,2014,11,1
实用新型,东莞海振爱恩匹电子科技有限公司,2017,6,1
发明公开,英特尔公司,2014,6,1
实用新型,清苑县同业机械制造有限公司,2018,9,1
实用新型,云南天朗环境科技有限公司,2018,7,1
实用新型,浙江广力工程机械有限公司,2016,7,1
外观专利,南海市里水天福水产食品厂,1996,1,1
实用新型,王晨辉,2018,9,1
发明公开,湖南衡山汽车制造有限公司,2013,12,1
发明公开,高通股份有限公司,2016,11,1
实用新型,云晖软件(成都)有限公司,2015,3,1
发明授权,富士电机株式会社,2018,7,1
实用新型,开普洛克(苏州)材料科技有限公司,2018,9,1
发明授权,大赛璐化学工业株式会社,2008,6,1
实用新型,深圳市瑞智信环保科技有限公司,2018,7,1
实用新型,江苏国立医疗器械有限公司,2015,6,1
外观专利,夏普株式会社,2005,7,2
发明公开,北京卫星制造厂,2017,4,1
发明公开,国网山东省电力公司定陶县供电公司,2016,11,1
实用新型,厦门迈拓宝电子有限公司,2018,9,1
实用新型,深圳华明环保科技有限公司,2018,7,1
实用新型,宁波腾隆户外用品有限公司,2013,7,1
实用新型,天津鑫利达自动化科技有限公司,2018,9,1
外观专利,罗海波,2005,7,1
外观专利,李晓峰,2005,7,1
外观专利,上海嘉阳通信科技有限公司,2005,7,1
实用新型,宁波捷胜海洋开发有限公司,2014,7,1
发明公开,南京泽朗生物科技有限公司,2018,12,1
实用新型,天津滨海新区大港天港石油化工厂(普通合伙),2014,2,1
外观专利,上海和兰透平动力技术有限公司,2017,3,1
发明授权,船井电机株式会社,2008,2,1
实用新型,中国石油集团渤海钻探工程有限公司,2015,3,1
实用新型,开县人人有余科技有限公司,2014,5,1
发明公开,索尼株式会社,2012,6,1
发明公开,乔维恩电机株式会社,2002,5,1
实用新型,郑州市蔬菜研究所,2018,9,1
外观专利,重庆伊格斯机械有限公司,2017,3,1
发明公开,成都市国科泰达科技有限公司,2018,7,1
发明公开,山西三益科技有限公司,2011,1,1
实用新型,山西科达自控股份有限公司,2015,3,1
发明公开,震旦(中国)有限公司,2018,7,1
实用新型,常州市博亿工贸有限公司,2014,2,1
发明授权,宁波燎原灯具股份有限公司,2015,9,1
实用新型,重庆双扬牌电器制造有限公司,2014,5,1
发明公开,英华达股份有限公司,2003,11,1
实用新型,江苏丽人木地板有限公司,2014,2,1
发明公开,赛峰飞机发动机公司,2018,12,1
实用新型,杭州杰电电子有限公司,2015,1,1
实用新型,苏州新唯恒自动化科技有限公司,2013,3,1
外观专利,浙江伟超工具制造有限公司,2017,3,1
实用新型,杭州华三通信技术有限公司,2014,5,1
实用新型,罗斯(无锡)设备有限公司,2015,3,1
实用新型,江西舒尔美化妆用品有限公司,2018,11,1
实用新型,广东省南方环保生物科技有限公司,2018,3,1
发明公开,清远市知途自动化科技有限公司,2019,1,1
外观专利,丰顺县培英电声有限公司,2005,6,1
实用新型,西安宇清环境工程科技有限责任公司,2013,7,1
实用新型,仙桃嘉康生物科技有限公司,2018,11,1
发明公开,安徽省天瑞园生态农业科技有限公司,2016,8,1
实用新型,福建荣发石业有限公司,2015,1,1
发明公开,株式会社日立高新技术,2019,2,1
实用新型,天门市德远化工科技有限公司,2018,3,1
发明授权,广东欧珀移动通信有限公司,2018,12,1
发明公开,桂林雪芙莲日化有限公司,2014,1,1
外观专利,玉环县华龙阀门有限公司,2010,2,1
发明公开,枣庄矿业(集团)付村煤业有限公司,2018,4,1
发明公开,北京鼎汉技术股份有限公司,2012,10,1
发明公开,北京市天元网络技术股份有限公司,2011,12,1
发明公开,南京康友医疗科技有限公司,2018,12,1
实用新型,广州金升阳科技有限公司,2018,6,1
发明授权,贵州久联民爆器材发展股份有限公司,2016,6,1
发明授权,福建鑫华股份有限公司,2015,10,1
发明授权,苏德-化学公司,2014,1,1
发明授权,高通股份有限公司,2016,3,1
发明授权,神马实业股份有限公司,2017,6,1
发明授权,冲电气工业株式会社,2017,6,1
发明授权,莫伊克斯公司,2015,10,1
发明授权,东阳市双燕设备有限公司,2014,7,1
发明授权,南昌欧菲光科技有限公司,2017,10,1
外观专利,斯凯杰美国公司,2011,11,1
发明授权,济南和美华饲料有限公司,2014,7,1
发明授权,杭州百富电子技术有限公司,2014,7,1
实用新型,黄石鑫华轮毂有限公司,2015,8,1
发明授权,中冶长天国际工程有限责任公司,2014,7,1
实用新型,武汉百信环保能源科技有限公司,2015,5,1
发明授权,宇部兴产株式会社,2014,7,1
发明授权,圣戈班工业陶瓷罗登塔尔有限责任公司,2014,7,1
发明授权,三星电子株式会社,2017,6,1
发明授权,华为技术有限公司,2017,7,1
发明授权,中国石油化工股份有限公司上海石油化工研究院,2015,10,1
发明授权,国家电网公司,2017,7,1
发明授权,成都九洲电子信息系统股份有限公司,2017,9,1
发明授权,北京国网富达科技发展有限责任公司,2017,7,1
发明公开,上海宝勒特压缩机有限公司,2011,7,1
发明授权,伊利诺斯工具制品有限公司,2017,6,1
发明授权,南阳工业株式会社,2014,7,1
发明公开,南通沃特光电科技有限公司,2018,11,1
发明授权,华北电力大学,2015,10,1
发明授权,赢创戈尔德施米特有限公司,2014,8,1
发明授权,沙特阿拉伯石油公司,2015,10,1
发明授权,IHC荷兰IE有限公司,2015,10,1
发明授权,西安烽火电子科技有限责任公司,2015,10,1
发明授权,鸿富锦精密工业(深圳)有限公司,2015,9,1
发明授权,国网浙江省电力公司紧水滩水力发电厂,2019,2,1
发明授权,江苏省华建建设股份有限公司,2012,7,1
发明授权,美的集团股份有限公司,2015,10,1
发明授权,3M创新有限公司,2014,8,1
发明公开,平湖英厚机械有限公司,2016,3,1
发明授权,成都德善能科技有限公司,2017,10,1
发明授权,鸿富锦精密工业(深圳)有限公司,2018,4,1
发明授权,山东泰山体育器材有限公司,2015,10,1
发明公开,江苏光芒新能源股份有限公司,2015,11,1
发明授权,金东纸业(江苏)股份有限公司,2018,4,1
发明公开,广东威灵电机制造有限公司,2019,1,1
发明授权,宸鸿光电科技股份有限公司,2018,4,1
发明授权,韩电KPS株式会社,2012,3,1
发明授权,东莞市雅康精密机械有限公司,2015,10,1
发明授权,讯凯国际股份有限公司,2018,7,1
发明公开,欧普照明股份有限公司,2016,7,1
发明授权,苏州安特实业有限公司,2015,9,1
发明授权,英利能源(中国)有限公司,2015,9,1
发明授权,成都塑力电缆有限公司,2015,10,1
发明授权,安吉县三协竹胶板厂,2015,10,1
外观专利,上海色织二厂,2005,7,2
发明授权,青岛双瑞海洋环境工程股份有限公司,2018,4,1
发明授权,松下电器产业株式会社,2011,9,1
发明授权,新华三技术有限公司,2018,4,1
发明授权,蚌埠市金旺食品有限公司,2015,9,1
发明授权,合肥三丰种子有限公司,2015,9,1
发明授权,瀚吉康生物科技(北京)有限公司,2015,9,1
发明授权,塞夫霍兰德有限公司,2015,9,1
实用新型,青岛彩盛农业科技有限公司,2018,5,1
发明授权,合肥京东方光电科技有限公司,2018,4,1
发明授权,NTN株式会社,2017,6,1
发明授权,G.I.视频有限公司,2018,4,1
发明授权,深圳欧菲光科技股份有限公司,2017,10,1
发明授权,金川集团股份有限公司,2018,4,1
实用新型,中国水电四局(酒泉)新能源装备有限公司,2016,11,1
发明授权,安讯士有限公司,2018,4,1
发明授权,株式会社小松制作所,2015,9,1
发明授权,台湾积体电路制造股份有限公司,2014,7,1
发明公开,保龄宝生物股份有限公司,2013,8,1
发明授权,江苏神通阀门股份有限公司,2018,7,1
发明授权,道达尔炼油化学公司,2015,9,1
发明授权,深圳市泰力废旧电池回收技术有限公司,2015,9,1
发明授权,松下电器产业株式会社,2014,8,1
发明授权,江苏长青农化股份有限公司,2015,9,1
发明授权,富士施乐株式会社,2015,9,1
发明授权,小米科技有限责任公司,2018,7,1
发明授权,感知像素股份有限公司,2015,9,1
发明授权,新昌县鸿裕工业产品设计有限公司,2015,10,1
发明授权,山东水衡化工有限责任公司,2015,9,1
发明公开,明新弹性织物(中国)有限公司,2017,5,1
发明公开,江苏三元环保科技有限公司,2019,1,1
发明授权,淄博有道牧业有限公司,2015,9,1
发明授权,罗姆股份有限公司,2015,9,1
发明授权,通用电气能源能量变换技术有限公司,2017,10,1
发明授权,乔治洛德方法研究和开发液化空气有限公司,2017,5,1
发明授权,奇智软件(北京)有限公司,2015,9,1
实用新型,天津德力亚节能科技有限公司,2015,8,1
实用新型,成都秦川科技发展有限公司,2013,3,1
发明授权,大金工业株式会社,2015,9,1
发明授权,中微半导体设备(上海)有限公司,2015,9,1
发明授权,上海京新生物医药有限公司,2018,7,1
发明授权,飞利浦拉米尔德斯照明设备有限责任公司,2018,7,1
发明授权,西门子公司,2019,2,1
发明授权,达瑞创新股份有限公司,2015,10,1
发明授权,中国电信股份有限公司,2018,4,1
发明授权,ASML荷兰有限公司,2011,1,1
发明授权,鹦鹉无人机股份有限公司,2017,10,1
发明授权,中芯国际集成电路制造(上海)有限公司,2015,9,1
发明授权,上海昂林科学仪器有限公司,2018,4,1
发明公开,福州瑞芯微电子有限公司,2013,8,1
发明授权,沙特基础工业公司,2018,4,1
发明授权,广东欧珀移动通信有限公司,2016,4,1
发明授权,中国矿业大学,2018,4,1
发明授权,上海衡拓液压控制技术有限公司,2018,4,1
发明授权,中国石油化工股份有限公司,2018,4,1
发明授权,弗雷森纽斯医疗护理德国有限责任公司,2018,4,1
发明授权,罗姆株式会社,2017,6,1
发明授权,中讯邮电咨询设计院有限公司,2017,10,1
实用新型,深圳倍声声学技术有限公司,2018,6,1
发明授权,华为技术有限公司,2018,4,1
发明授权,中国石油化工股份有限公司,2015,9,3
发明授权,江苏南方通信科技有限公司,2018,4,1
发明授权,云南楚雄东宝生物资源开发有限公司,2018,4,1
发明授权,宇龙计算机通信科技(深圳)有限公司,2018,4,2
发明授权,川渝中烟工业有限责任公司,2015,9,1
发明授权,宁波方正汽车模具有限公司,2014,8,1
发明授权,株式会社牧田,2014,8,1
发明授权,美国索尼电脑娱乐有限责任公司,2014,8,1
发明公开,安徽意力电缆有限公司,2017,8,1
发明授权,北京卫星制造厂,2018,4,1
发明授权,英派尔科技开发有限公司,2018,4,1
发明授权,深圳市国创纳米抗体技术有限公司,2018,4,1
发明公开,发那科株式会社,2016,7,1
发明授权,成都拓利科技股份有限公司,2018,4,1
发明授权,清华大学,2017,6,1
发明授权,北京奇宝科技有限公司,2018,9,1
发明授权,株式会社捷太格特,2015,10,1
发明授权,中国矿业大学,2015,9,1
实用新型,天津科技大学,2009,8,1
发明授权,北京中油爱索环境工程技术有限公司,2014,1,1
发明授权,深圳深蓝精机有限公司,2015,4,1
实用新型,仙游县森汶农业开发有限公司,2018,6,1
发明授权,德纳重型车辆系统集团有限责任公司,2018,4,1
发明授权,中广核俊尔新材料有限公司,2019,2,1
发明授权,东莞市厚街资产经营管理有限公司,2015,9,1
发明授权,广东建邦计算机软件有限公司,2015,9,1
发明授权,杭州龙鑫科技有限公司,2017,10,1
实用新型,江苏长城电缆有限公司,2015,1,1
发明授权,三星电子株式会社,2017,10,2
发明授权,广东卓维网络有限公司,2015,10,1
发明授权,日特机械工程株式会社,2014,8,1
发明授权,通化卫京药业股份有限公司,2014,4,1
发明授权,中国石油化工股份有限公司上海石油化工研究院,2015,9,2
发明公开,SIKA技术股份公司,2015,5,1
发明授权,住友电装株式会社,2015,10,1
发明授权,国家电网公司,2015,10,1
发明授权,路博润高级材料公司,2017,10,1
发明授权,先进自动器材有限公司,2011,12,1
发明授权,株式会社东海理化电机制作所,2015,10,1
发明授权,中国海洋石油总公司,2015,10,1
发明授权,华为技术有限公司,2011,4,1
发明授权,国网山西省电力公司朔州供电公司,2015,10,1
实用新型,河南豫冠电力设备有限公司,2015,1,1
发明授权,浙江维思无线网络技术有限公司,2016,4,1
发明授权,广西电网有限责任公司电力科学研究院,2018,4,1
发明授权,深圳市名雕装饰股份有限公司,2017,10,1
发明授权,美卓矿物公司,2019,1,1
外观专利,云南中烟工业有限责任公司,2017,12,1
发明授权,麦克罗尼克迈达塔有限责任公司,2015,10,1
发明授权,荆门中洲科技有限责任公司,2014,10,1
发明授权,北京正唐科技有限责任公司,2014,8,1
发明授权,株式会社MORESCO,2015,10,1
发明授权,河南奥斯派克科技有限公司,2018,4,1
发明授权,三菱丽阳株式会社,2015,10,1
发明授权,无锡平盛科技有限公司,2015,10,1
发明授权,舍弗勒技术股份两合公司,2015,10,1
发明授权,娄底市凌一机电设备有限公司,2014,8,1
发明授权,西门子企业通讯有限责任两合公司,2015,10,1
发明授权,斯卡拉株式会社,2010,2,1
发明授权,梅特勒-托利多(常州)称重设备系统有限公司,2015,9,1
发明授权,梅特勒-托利多(常州)测量技术有限公司,2015,9,1
发明公开,无锡市翱宇特新科技发展有限公司,2018,7,1
发明公开,重庆燕蓝科技有限公司,2015,1,1
发明授权,三菱电机株式会社,2015,10,1
发明授权,翔风技术有限公司,2015,9,1
实用新型,曲靖浩晨电力工程设计有限公司,2017,2,1
发明授权,富士通株式会社,2015,10,1
发明授权,株洲敏锐机车配件有限责任公司,2014,10,1
发明授权,ABB技术有限公司,2015,10,1
发明授权,广东鼎燊科技有限公司,2015,10,1
发明授权,日本电气株式会社,2017,10,1
发明授权,东莞市天元通金属科技有限公司,2018,4,1
发明公开,桓达科技股份有限公司,2009,7,1
外观专利,重庆隆鑫发动机有限公司,2017,3,1
发明授权,浙江华宇蜗轮减速机有限公司,2015,10,1
发明授权,酷派软件技术(深圳)有限公司,2018,4,1
发明授权,四川中烟工业有限责任公司,2019,1,1
发明授权,富士通半导体股份有限公司,2015,9,1
实用新型,深圳市金溢科技股份有限公司,2015,1,1
发明授权,起亚自动车株式会社,2014,10,1
实用新型,辽宁龙标新能源科技开发有限公司,2015,8,1
发明授权,中国船舶重工集团公司第七一九研究所,2019,2,1
发明授权,重庆华绿环保科技发展有限责任公司,2015,10,1
发明授权,本钢板材股份有限公司,2015,9,1
发明授权,江苏永鼎股份有限公司,2014,7,1
发明授权,波音公司,2017,10,1
发明授权,绍兴蓝海纤维科技有限公司,2014,7,1
发明授权,大连瑞贤达塑胶有限公司,2015,10,1
发明授权,腾讯科技(深圳)有限公司,2015,9,1
发明公开,阿肯马法国公司,2009,4,1
发明授权,浙江大学,2014,5,1
发明授权,富士施乐株式会社,2014,7,1
发明授权,特威盾门业(苏州)有限公司,2015,10,1
发明授权,乐金华奥斯有限公司,2014,8,1
发明授权,华为技术有限公司,2016,6,1
实用新型,西安热工研究院有限公司,2015,7,1
发明授权,更新集团私人有限责任公司,2018,7,1
发明授权,中国石油天然气股份有限公司,2014,8,2
发明授权,日本电气株式会社,2015,10,1
实用新型,河南创美实业集团有限公司,2018,9,1
发明授权,瓦姆钻杆钻具法国公司,2014,8,1
发明授权,通用电气公司,2017,10,1
发明授权,波音公司,2017,6,1
发明授权,约瑟夫福格勒公司,2017,10,1
发明公开,厦门航天思尔特机器人系统股份公司,2019,4,1
发明公开,西安米亿生物科技有限公司,2015,1,1
发明授权,浙江元康食品有限公司,2018,4,1
发明公开,广东广航科技有限公司,2018,9,1
发明授权,新昌县合控科技有限公司,2017,12,1
实用新型,中冶京诚工程技术有限公司,2015,6,1
发明授权,北京奇虎科技有限公司,2018,4,1
发明授权,雅培制药有限公司,2018,4,1
实用新型,杭州雷迪克汽车部件制造有限公司,2012,4,1
发明授权,成都安擎微波科技有限责任公司,2015,9,1
发明授权,浙江吉利控股集团有限公司,2014,8,1
发明授权,晨光生物科技集团天津有限公司,2014,10,1
发明授权,本田技研工业株式会社,2014,8,2
发明授权,胜华电子(惠阳)有限公司,2015,9,1
发明授权,株式会社尼康,2018,4,1
发明授权,爱信精机株式会社,2018,4,1
发明授权,霍夫曼-拉罗奇有限公司,2014,8,1
发明授权,高通股份有限公司,2018,4,3
实用新型,武汉辉达工控技术有限公司,2015,6,1
实用新型,重庆固成科技有限公司,2018,1,1
发明授权,罗伯特·博世有限公司,2018,4,1
发明公开,山东电力集团公司烟台供电公司,2012,6,1
实用新型,中国华冶科工集团有限公司,2018,10,1
发明授权,中国石油化工股份有限公司北京化工研究院,2015,9,1
发明授权,浙江天蓝环保技术股份有限公司,2014,8,1
发明公开,弓铨企业股份有限公司,2012,3,1
发明授权,青岛海尔洗衣机有限公司,2017,10,1
发明授权,京东方科技集团股份有限公司,2014,8,2
发明授权,常德金鹏印务有限公司,2014,8,1
发明授权,北京智谷睿拓技术服务有限公司,2017,10,1
发明公开,株式会社百利达,2013,10,1
实用新型,厦门映日新材料科技有限公司,2015,6,1
发明授权,泰山体育产业集团有限公司,2015,10,1
实用新型,泉州市丰阳精密模具有限公司,2018,9,1
发明授权,青岛海信移动通信技术股份有限公司,2014,8,1
发明授权,浙江京新药业股份有限公司,2018,7,1
发明授权,杭州惠宝机电有限公司,2014,10,1
发明授权,华进半导体封装先导技术研发中心有限公司,2017,10,1
发明授权,庄臣及庄臣视力保护公司,2017,6,1
发明授权,泰金宝精密(新加坡)有限公司,2014,8,1
发明授权,中国石油天然气集团公司,2014,8,1
发明公开,苏州龙杰特种纤维股份有限公司,2012,4,1
发明授权,丰田汽车北美工程及制造公司,2017,7,1
发明授权,浙江中碳科技有限公司,2015,9,1
发明授权,广东电网有限责任公司佛山供电局,2015,10,1
发明授权,山西鑫立能源科技有限公司,2014,8,1
发明授权,宁波市鄞州永林电子电器有限公司,2015,9,1
发明授权,电子科技大学,2018,7,1
实用新型,江苏汇菱电梯有限公司,2018,7,1
发明授权,湖北嘉一三维高科股份有限公司,2018,4,1
发明授权,皇家飞利浦电子股份有限公司,2018,7,1
发明授权,武汉纺织大学,2015,10,1
发明授权,阿姆斯特郎世界工业公司,2017,10,1
发明授权,东莞宇龙通信科技有限公司,2018,4,2
实用新型,上海纪烨物联网科技有限公司,2018,7,1
发明授权,奥图泰有限公司,2013,1,1
发明授权,滁州伯恩太阳能科技有限公司,2014,8,1
发明公开,中国石油化工股份有限公司,2018,7,1
发明授权,苏州良才物流科技股份有限公司,2015,9,1
发明授权,思科技术公司,2015,10,1
发明授权,辽宁同辉科技发展有限公司,2015,12,1
发明授权,国家电网公司,2014,8,1
发明授权,鸿海精密工业股份有限公司,2014,7,1
发明授权,宁波瑞明电器有限公司,2015,9,1
发明授权,中冶南方工程技术有限公司,2017,10,1
发明授权,新华三技术有限公司,2017,10,1
发明授权,通用电气公司,2018,7,1
发明授权,特鲁菲舍尔股份有限公司及两合公司,2009,6,1
发明授权,广州广电运通金融电子股份有限公司,2014,7,1
发明授权,YRT有限公司,2018,4,1
发明授权,江苏云阳集团药业有限公司,2015,9,1
发明公开,杭州海得龙塑胶新材料有限公司,2017,8,1
发明授权,合肥华凌股份有限公司,2014,8,1
发明授权,杭州天堂伞业集团有限公司,2015,10,1
实用新型,美钻能源科技(上海)有限公司,2014,10,1
发明授权,夏普株式会社,2014,8,1
发明授权,高通股份有限公司,2017,10,1
发明授权,云南中烟工业有限责任公司,2019,1,1
发明授权,新疆中泰化学股份有限公司,2017,10,1
发明公开,江苏赛康医疗设备股份有限公司,2018,12,1
实用新型,山东亿九电气发展有限公司,2015,3,1
发明授权,神舟太空产品高科技成果推广中心集团有限公司,2014,8,1
发明授权,三星钻石工业股份有限公司,2018,4,1
发明授权,丰田自动车株式会社,2017,6,1
发明授权,中国移动通信集团河南有限公司,2017,10,1
发明授权,上海华力微电子有限公司,2014,8,1
发明授权,第六元素公司,2018,2,1
发明授权,株式会社东芝,2014,10,1
发明授权,上海朔茂网络科技有限公司,2017,10,1
发明授权,浙江佑泰机械设备有限公司,2018,4,1
发明授权,深圳市力可普尔电子有限公司,2014,8,1
发明授权,罗伯特·博世有限公司,2014,8,2
实用新型,上海市环境工程设计科学研究院有限公司,2014,10,1
发明授权,南通普瑞特机械有限公司,2018,7,1
发明授权,安万特药物公司,2014,8,1
发明授权,北京京东方显示技术有限公司,2018,9,1
发明公开,广州市嫡尔国际品牌管理有限公司,2019,1,1
发明公开,无锡易通精密机械股份有限公司,2012,12,1
发明授权,中海油能源发展股份有限公司,2015,10,1
发明授权,上海渊信建筑材料有限公司,2014,8,1
发明授权,宝马股份公司,2018,7,1
发明授权,虹霓机械制造有限公司,2017,10,1
发明授权,云南奕华农业生物有限公司,2017,9,1
实用新型,金华菁英科技服务有限公司,2018,11,1
发明授权,弗莱克英纳宝有限公司,2017,10,1
发明授权,河北省电力公司,2014,8,1
实用新型,上杭县惠众信息科技有限责任公司,2018,3,1
发明授权,天津鑫宝龙电梯集团有限公司,2017,10,1
发明授权,上海建工集团股份有限公司,2018,7,1
发明授权,上海振华重工(集团)股份有限公司,2017,10,1
实用新型,苏州纳源环保科技有限公司,2014,3,1
发明授权,深圳市岑科实业有限公司,2015,10,1
发明授权,中国联合网络通信集团有限公司,2017,10,1
发明授权,松下电器产业株式会社,2011,6,1
发明授权,三星电子株式会社,2014,10,1
发明授权,上海华虹宏力半导体制造有限公司,2014,10,1
发明授权,四川长虹电器股份有限公司,2018,4,1
实用新型,瑞安市奥神汽车配件有限公司,2014,11,1
实用新型,湖北中烟工业有限责任公司,2014,2,1
外观专利,唐山红玫瑰陶瓷制品有限公司销售分公司,2017,6,1
发明授权,新日铁住金株式会社,2015,10,1
发明授权,西得乐独资股份公司,2014,8,1
发明公开,平南县六陈镇炳德机械厂,2016,8,1
发明授权,宜兴市军达浆料科技有限公司,2015,10,1
发明授权,广东电网有限责任公司电力科学研究院,2017,10,1
发明授权,北京京东尚科信息技术有限公司,2018,4,1
实用新型,深圳市阿斯盾云科技有限公司,2014,10,1
发明授权,武钢集团昆明钢铁股份有限公司,2014,8,1
发明授权,常州市长润石油有限公司,2018,4,1
发明公开,大赛璐化学工业株式会社,2003,1,1
发明公开,广东新宝电器股份有限公司,2016,9,1
发明授权,普罗科技有限公司,2014,8,1
发明授权,现代自动车株式会社,2015,9,1
发明公开,天津市纳斯特科技有限公司,2018,7,1
发明授权,苏州欧菲光科技有限公司,2017,10,1
发明授权,上海毅尧能源科技有限公司,2017,10,1
发明授权,田中贵金属工业株式会社,2015,10,1
发明授权,卡米尔技术有限公司,2015,10,1
发明授权,中芯国际集成电路制造(北京)有限公司,2014,3,1
发明授权,保隆(安徽)汽车配件有限公司,2015,10,1
发明授权,中兴通讯股份有限公司,2017,10,2
发明授权,艾伯维公司,2017,10,1
发明授权,罗伯特.博世有限公司,2014,8,1
发明授权,北京时代拓灵科技有限公司,2017,10,1
发明授权,上海强劲地基工程股份有限公司,2017,10,1
发明授权,阿姆斯特郎世界工业公司,2014,8,1
发明授权,罗伯特·博世有限公司,2017,10,1
发明授权,河北桑迪亚医药技术有限责任公司,2014,7,1
发明授权,中国石油天然气股份有限公司,2014,1,1
发明授权,耐克国际有限公司,2014,8,1
发明授权,山西鑫立能源科技有限公司,2014,10,1
发明授权,北京奇虎科技有限公司,2015,9,1
发明公开,花王株式会社,2007,3,1
发明授权,泰科电子瑞侃有限责任公司,2018,4,1
发明授权,金达坂(上海)新能源设备有限公司,2014,8,1
发明授权,武钢集团昆明钢铁股份有限公司,2015,9,1
发明公开,住友电气工业株式会社,2018,8,1
实用新型,北京仁创科技集团有限公司,2013,6,1
发明授权,松下电器产业株式会社,2014,10,1
发明授权,依狄奥特股份公司,2017,10,1
发明授权,爱立信(中国)通信有限公司,2017,10,1
发明授权,宁波东旭成新材料科技有限公司,2015,10,1
发明授权,富士通株式会社,2017,10,1
发明授权,松下电器(美国)知识产权公司,2017,10,1
发明授权,陕西福瑞德石油科技有限公司,2016,4,1
发明公开,安顺迪讯科技有限公司,2018,11,1
发明授权,中国石油化工股份有限公司,2015,10,1
发明授权,广州汽车集团股份有限公司,2017,10,1
外观专利,苏州太湖电动工具集团公司,1996,12,1
发明授权,常州市盛和电子有限公司,2018,4,1
发明授权,艾伯维德国有限责任两合公司,2017,10,1
发明授权,江苏飞鹿重工机械制造有限公司,2017,10,1
发明授权,克拉玛依市金牛工程建设有限责任公司,2015,10,1
发明授权,中银(宁波)电池有限公司,2018,7,1
发明授权,阿尔卑斯电气株式会社,2017,10,1
发明授权,SIGE半导体公司,2014,8,1
外观专利,成都三叶家具有限公司,2016,9,3
发明授权,马克斯半导体股份有限公司,2014,8,1
发明授权,威海海马地毯有限公司,2014,8,1
发明授权,精密技术公司,2018,5,1
发明授权,新奥科技发展有限公司,2019,2,1
发明授权,富士电机株式会社,2014,8,1
发明授权,中山市金马科技娱乐设备有限公司,2014,10,1
发明授权,上海百家益医疗器械有限公司,2017,10,1
发明授权,深圳市九洲电器有限公司,2014,8,1
发明授权,中兴通讯股份有限公司,2014,7,1
发明授权,堡森(上海)环境工程有限公司,2018,7,1
发明授权,欧姆龙(上海)有限公司,2014,7,1
发明授权,富士康(昆山)电脑接插件有限公司,2014,7,1
发明授权,凌特公司,2014,8,1
发明授权,南京奥特佳新能源科技有限公司,2019,2,1
发明授权,明门香港股份有限公司,2014,8,1
发明授权,国家电网有限公司,2019,2,1
实用新型,成都扬帆电力制造有限公司,2013,7,1
发明授权,ZKW集团有限责任公司,2018,7,1
发明授权,C·R·巴德股份有限公司,2018,4,1
发明授权,上海加冷松芝汽车空调股份有限公司,2016,5,1
发明授权,鸿海精密工业股份有限公司,2014,10,2
外观专利,中山市松林家具有限公司,2013,1,1
实用新型,亚荣源科技(深圳)有限公司,2018,6,1
发明授权,内蒙古伊利实业集团股份有限公司,2015,10,1
发明授权,京瓷办公信息系统株式会社,2018,7,1
发明授权,上海贝尔股份有限公司,2014,10,1
发明授权,上海欧特电器有限公司,2014,8,1
实用新型,温州市子夜照明科技有限公司,2013,7,1
发明授权,浙江吉利汽车研究院有限公司,2014,8,1
实用新型,株洲鸿达实业有限公司,2018,11,1
发明授权,杭州艺福堂茶业有限公司,2014,10,1
发明授权,浙江吉利汽车研究院有限公司杭州分公司,2014,8,1
发明授权,日本电气株式会社,2014,8,1
发明授权,赢创德固赛有限公司,2014,8,1
发明授权,英特尔公司,2013,4,1
发明授权,中国华能集团清洁能源技术研究院有限公司,2015,10,1
发明授权,高通股份有限公司,2017,3,1
发明授权,宁波邦达智能停车设备股份有限公司,2014,7,1
发明授权,中海油能源发展股份有限公司监督监理技术分公司,2015,10,1
发明授权,英特尔公司,2017,10,2
发明授权,富士通株式会社,2015,9,1
发明公开,滨州市甲力太阳能科技有限公司,2017,4,1
发明授权,艾默生过程管理(天津)阀门有限公司,2014,10,1
发明授权,胜宏科技(惠州)股份有限公司,2015,9,1
发明授权,浦易(上海)生物技术有限公司,2014,8,1
发明授权,鸿富锦精密工业(深圳)有限公司,2014,10,1
发明公开,柯尼卡美能达株式会社,2017,8,1
发明授权,云南中烟工业有限责任公司,2018,5,1
发明授权,纳派泰克股份公司,2015,10,1
发明授权,广东电网公司江门供电局,2014,8,1
发明授权,富泰华工业(深圳)有限公司,2014,10,1
发明授权,天津市华之阳特种线缆有限公司,2014,8,1
发明授权,太仓市哲泰天产品设计有限公司,2015,10,1
外观专利,南京南瑞继保电气有限公司,2017,12,1
发明授权,国家电网公司,2016,4,1
发明授权,英国龙沙生物医药股份有限公司,2018,4,1
外观专利,天津市第二光学仪器厂,1996,12,1
发明授权,京东方科技集团股份有限公司,2018,4,2
发明授权,西安炬光科技有限公司,2014,10,1
发明授权,欧姆龙株式会社,2015,10,1
发明授权,夏普株式会社,2014,7,1
发明公开,泰州市维尔信息科技有限公司,2017,5,1
发明授权,江苏新美星包装机械股份有限公司,2017,10,1
发明授权,凯迈(洛阳)环测有限公司,2014,8,1
发明授权,阳光电源股份有限公司,2018,4,1
发明授权,韦伯太克控股公司,2015,9,1
发明授权,保罗海蒂诗有限及两合公司,2014,7,1
发明授权,济南兰光机电技术有限公司,2019,2,1
发明授权,麦迪卡格公司,2017,10,1
发明授权,淄博德信联邦化学工业有限公司,2015,10,2
发明授权,福州高意通讯有限公司,2014,10,1
发明授权,北京智谷睿拓技术服务有限公司,2019,2,1
发明授权,株式会社半导体能源研究所,2017,10,1
实用新型,江西通用光电应用技术研究所有限责任公司,2015,1,1
发明授权,深圳光启智能光子技术有限公司,2015,9,1
发明授权,谷歌公司,2017,10,2
发明授权,索尼株式会社,2017,10,1
发明授权,高通股份有限公司,2014,8,1
实用新型,浙江三特科技有限公司,2015,7,1
发明授权,通用电气航空系统有限公司,2017,10,1
发明授权,格兰富控股联合股份公司,2018,4,1
发明授权,NXP股份有限公司,2009,5,1
发明授权,石家庄供电公司,2014,8,1
发明授权,上海华虹宏力半导体制造有限公司,2017,10,1
发明授权,曼卡车和巴士股份公司,2017,6,1
发明授权,西部数据传媒公司,2015,9,1
发明授权,北京京东世纪贸易有限公司,2018,4,1
发明授权,歌美飒创新技术公司,2017,10,1
发明授权,贝克顿·迪金森公司,2017,10,1
实用新型,江苏广昇新材料有限公司,2015,7,1
发明授权,温德莫勒及霍尔希尔公司,2015,10,1
发明授权,北京中纺锐力机电有限公司,2014,8,1
发明授权,苏州晶品新材料股份有限公司,2018,4,1
发明授权,中国移动通信集团公司,2014,10,1
发明授权,大陆汽车有限责任公司,2017,10,1
发明授权,安徽省元琛环保科技有限公司,2014,8,1
发明授权,现代自动车株式会社,2014,10,1
发明授权,贵州银花妆开发有限公司,2017,10,1
发明授权,中国石油化工股份有限公司北京化工研究院,2018,4,1
发明授权,深圳市越疆科技有限公司,2019,1,1
发明授权,合肥美桥汽车传动及底盘系统有限公司,2018,4,1
实用新型,天津智慧港教育科技有限公司,2015,8,1
发明公开,深圳市菲菱科思通信技术股份有限公司,2019,1,1
发明授权,华为技术有限公司,2014,8,2
发明授权,北京飞行博达电子有限公司,2017,1,1
发明授权,重庆优楷科技有限公司,2015,10,1
发明授权,中铁八局集团电务工程有限公司,2014,8,1
发明授权,中国十七冶集团有限公司,2014,8,1
发明授权,北京中机联供非晶科技股份有限公司,2014,10,1
发明公开,珠海格力电器股份有限公司,2015,12,1
发明授权,腾讯科技(深圳)有限公司,2017,10,1
发明授权,漯河联泰食品有限公司,2015,9,1
发明授权,南方电网科学研究院有限责任公司,2019,2,1
发明授权,精工爱普生株式会社,2017,10,1
发明授权,奥迪股份公司,2014,8,1
发明授权,TCL集团股份有限公司,2017,10,1
发明授权,NEC平台株式会社,2015,10,1
发明授权,通力股份公司,2014,10,1
发明授权,北京人大金仓信息技术股份有限公司,2015,9,1
发明授权,上海汽车集团股份有限公司,2015,10,1
实用新型,武汉燎原模塑有限公司,2018,9,1
外观专利,东莞市毅创电子科技有限公司,2017,12,1
实用新型,芜湖耐得胶管阀业有限公司,2013,4,1
实用新型,开封高中压阀门有限公司,2015,3,1
发明授权,奇智软件(北京)有限公司,2018,4,1
发明授权,华为技术有限公司,2017,10,1
发明授权,诺基亚公司,2015,10,1
发明授权,维马股份公司,2017,6,1
发明授权,伊姆西公司,2017,10,1
发明授权,高通股份有限公司,2014,10,1
发明授权,中国移动通信有限公司,2014,8,1
发明授权,广州东芝白云自动化系统有限公司,2014,10,1
发明授权,株式会社普利司通,2014,10,1
发明公开,北京小米移动软件有限公司,2018,1,1
实用新型,浙江源创电子科技有限公司,2015,8,1
发明授权,珠海市德莱环保科技有限公司,2014,10,1
发明授权,艾伯维爱尔兰无限公司,2017,6,1
发明授权,东莞南玻光伏科技有限公司,2017,10,1
发明授权,积水化成品工业株式会社,2017,10,1
发明授权,上海航海设备有限责任公司,2014,10,1
发明授权,郑州宇通客车股份有限公司,2018,7,1
发明授权,上海聚流软件科技有限公司,2015,9,1
发明授权,日本航空电子工业株式会社,2017,10,1
发明授权,大连融科储能技术发展有限公司,2015,4,1
发明授权,山东华凌电缆有限公司,2014,10,1
发明授权,陕西飞机工业(集团)有限公司,2014,5,1
发明授权,深圳欧菲光科技股份有限公司,2015,7,1
发明公开,苏州市运泰利自动化设备有限公司,2017,5,1
发明授权,株式会社利富高,2019,1,1
发明授权,雅培制药有限公司,2015,9,1
发明授权,苹果公司,2015,12,1
发明授权,江苏万象建工集团有限公司,2017,10,1
实用新型,南安市森一电子科技有限公司,2015,12,1
发明公开,河北美泰电子科技有限公司,2016,10,1
发明授权,德比IP有限公司,2018,4,1
发明授权,深圳市贝特瑞纳米科技有限公司,2014,10,1
发明授权,东芝医疗系统株式会社,2015,2,1
发明公开,江阴德飞激光设备有限公司,2009,10,1
实用新型,雷沃重工股份有限公司,2018,5,1
发明授权,深圳市中兴微电子技术有限公司,2017,10,1
发明授权,上海淳瑞机械科技有限公司,2015,10,1
发明授权,帝斯曼知识产权资产管理有限公司,2015,9,1
发明授权,西安西热水务环保有限公司,2018,7,1
发明授权,中国石油集团海洋工程有限公司,2014,8,1
发明公开,通用汽车环球科技运作有限责任公司,2017,2,1
发明授权,广州酷狗计算机科技有限公司,2018,4,1
发明授权,湘潭电机股份有限公司,2014,8,1
发明授权,宁波市东盛纺织有限公司,2015,10,1
发明授权,嘉善梦溪服饰辅料厂(普通合伙),2019,2,1
发明公开,山西杭通煤化燃油开发有限公司,2008,1,1
发明授权,三星电子株式会社,2016,5,1
发明授权,马夸特机械电子有限责任公司,2015,10,1
实用新型,东莞市国扣扣具科技有限公司,2017,8,1
发明授权,欣兴电子股份有限公司,2015,9,1
发明授权,翔德电子科技(深圳)有限公司,2014,8,1
发明授权,亲舒控股有限公司,2015,10,1
实用新型,上海永大环保科技有限公司,2015,1,1
发明授权,本溪北营钢铁(集团)股份有限公司,2015,9,1
发明授权,中国航空工业集团公司西安飞机设计研究所,2019,2,1
发明授权,东莞市鑫焘机械有限公司,2015,10,1
实用新型,上海环境卫生工程设计院,2014,10,1
发明授权,新奥科技发展有限公司,2014,8,1
发明授权,上海南麟电子有限公司,2013,9,1
发明授权,宇部兴产株式会社,2017,6,1
发明授权,江苏省电力公司,2016,4,1
发明授权,东莞市同欣表面处理科技有限公司,2019,2,1
发明公开,天津蓝海微科技有限公司,2012,10,1
发明授权,达芬奇工程有限公司,2017,8,1
发明授权,上海沪工焊接集团股份有限公司,2016,7,1
发明授权,普立万公司,2017,10,1
发明授权,中石化石油机械股份有限公司研究院,2018,4,1
发明授权,华为技术有限公司,2018,3,1
发明授权,联想(北京)有限公司,2019,1,2
发明授权,福建上润精密仪器有限公司,2012,7,1
发明授权,托罗特拉克(开发)有限公司,2015,4,1
发明授权,株式会社东芝,2015,2,1
发明公开,中芯国际集成电路制造(北京)有限公司,2019,1,1
发明授权,丰田自动车株式会社,2010,5,1
发明授权,通用汽车环球科技运作有限责任公司,2013,11,1
发明授权,中兴通讯股份有限公司,2012,5,1
发明授权,信越化学工业株式会社,2014,8,2
发明授权,友达光电股份有限公司,2018,7,1
发明授权,华为技术有限公司,2015,9,1
发明授权,珈侬生化科技(中国)有限公司,2012,1,1
发明授权,K.C.科技股份有限公司,2014,8,1
发明授权,遵义市郎笑笑食品有限责任公司,2014,8,1
外观专利,珲春市恒源制药有限责任公司,2005,6,1
实用新型,西安正昌电子有限责任公司,2013,6,1
发明授权,深圳市安锐消防有限公司,2014,8,1
发明授权,德谦(上海)化学有限公司,2014,8,1
发明授权,陶氏环球技术有限责任公司,2014,8,1
发明授权,骊住株式会社,2014,8,1
发明授权,成都芯源系统有限公司,2014,8,1
发明授权,深圳市美丽华油墨涂料有限公司,2014,8,1
实用新型,中国葛洲坝集团三峡建设工程有限公司,2018,1,1
发明授权,日本实行株式会社,2014,8,1
发明公开,国网信通亿力科技有限责任公司,2017,8,1
发明授权,中国石油化工股份有限公司,2017,11,1
发明授权,苏州亿倍信息技术有限公司,2015,9,1
发明授权,日铁住金水泥株式会社,2014,8,1
发明授权,丰华生物科技股份有限公司,2014,8,1
发明授权,湖南长天自控工程有限公司,2014,10,1
发明授权,太平洋水泥株式会社,2014,8,1
发明授权,苏州台菱电梯有限公司,2015,10,1
发明授权,爱思开海力士有限公司,2019,1,1
发明公开,中芯国际集成电路制造(上海)有限公司,2019,1,1
发明授权,宁波荣山新型材料有限公司,2014,8,1
实用新型,杭州海康威视数字技术股份有限公司,2018,1,1
发明授权,富士施乐株式会社,2014,8,1
发明授权,泰金宝电通股份有限公司,2014,8,1
发明授权,英特尔公司,2017,6,1
外观专利,深圳市首迈通信技术有限公司,2005,6,2
实用新型,宁波三星电气股份有限公司,2014,11,1
发明授权,乐金显示有限公司,2014,8,1
实用新型,重庆水饶农业开发有限公司,2018,11,1
发明授权,梅德坦提亚国际有限公司,2018,4,1
发明授权,矽品精密工业股份有限公司,2014,8,1
发明公开,住友电装株式会社,2018,8,1
发明授权,四川电力超高压建设管理公司,2017,7,1
发明授权,中石化石油机械股份有限公司,2018,4,1
实用新型,江苏中世环境科技股份有限公司,2014,3,1
发明授权,青岛信澳利制冷设备有限公司,2015,10,1
发明授权,恩智浦有限公司,2018,4,1
发明授权,扬智科技股份有限公司,2018,4,1
发明授权,浙江电咖汽车科技有限公司,2018,4,1
发明授权,攀钢集团攀枝花钢铁研究院有限公司,2017,10,1
发明授权,弗·哈夫曼-拉罗切有限公司,2019,1,1
发明授权,罗伯特·博世有限公司,2019,1,1
实用新型,安顺新金秋科技股份有限公司,2018,5,1
发明授权,上汽通用五菱汽车股份有限公司,2019,1,1
发明授权,重庆中烟工业有限责任公司,2019,1,1
发明授权,中国石油天然气股份有限公司,2012,8,1
发明授权,特宁面罩有限公司,2018,4,1
发明公开,扬州凤凰网络安全设备制造有限责任公司,2019,1,1
发明授权,苏州华之杰电讯股份有限公司,2018,4,1
发明授权,柯惠LP公司,2019,1,1
外观专利,特福简化股份有限公司,2010,7,1
发明授权,绍兴益森工程机械有限公司,2018,4,1
发明授权,田中贵金属工业株式会社,2017,10,1
发明授权,常州天合光能有限公司,2015,9,1
实用新型,东莞道汇环保科技有限公司,2014,3,1
发明授权,博里利斯股份公司,2014,8,1
实用新型,莫列斯公司,2013,4,1
实用新型,聚昌科技股份有限公司,2017,10,1
发明授权,上海华钢不锈钢有限公司,2018,7,1
发明授权,北京京东世纪贸易有限公司,2019,1,1
实用新型,东莞富美康电器科技有限公司,2015,12,1
发明授权,深圳市奇诺动力科技有限公司,2018,4,1
发明授权,三菱重工业株式会社,2018,4,1
发明授权,宁波爱的产品设计有限公司,2018,4,1
发明授权,浙江益森科技股份有限公司,2018,4,1
实用新型,铜陵亿亨达电子有限责任公司,2013,6,1
发明授权,巴斯夫欧洲公司,2015,9,1
发明授权,株式会社岛津制作所,2014,2,1
发明授权,合肥国轩高科动力能源股份公司,2014,7,1
发明授权,独立行政法人国立高等专门学校机构,2014,2,1
发明授权,浙江明泉工业涂装有限公司,2015,9,1
发明授权,浙江南都电源动力股份有限公司,2017,10,1
发明授权,雅马哈株式会社,2018,4,1
发明授权,华为技术有限公司,2013,8,1
发明授权,杰克缝纫机股份有限公司,2017,3,1
实用新型,深圳市索阳新能源科技有限公司,2014,3,1
发明授权,广东欧珀移动通信有限公司,2018,1,1
发明授权,京东方科技集团股份有限公司,2018,9,1
发明授权,三星电子株式会社,2018,9,1
发明授权,湖南顺天建设集团有限公司,2014,8,1
发明授权,深圳市海洋王照明工程有限公司,2016,7,1
实用新型,邢台隆科机械有限公司,2018,6,1
发明授权,柯尼卡美能达株式会社,2018,4,1
发明授权,鼎桥通信技术有限公司,2011,4,1
发明授权,杰富意钢铁株式会社,2014,7,1
发明授权,江苏省电力公司无锡供电公司,2016,4,1
发明授权,佳能株式会社,2017,12,1
发明授权,株式会社电装,2017,10,1
发明授权,鼎桥通信技术有限公司,2014,8,1
发明授权,南通高盛机械制造有限公司,2016,4,1
发明授权,广东美的制冷设备有限公司,2015,10,1
发明授权,太阳化学株式会社,2013,4,1
发明授权,好爸爸高科技集团有限公司,2016,9,1
发明授权,F.I.P.浇铸喷射聚合物有限公司,2014,7,1
发明授权,幻音科技(深圳)有限公司,2013,2,1
发明授权,东营市福利德石油科技开发有限责任公司,2018,1,1
实用新型,安徽希美生态环保科技有限公司,2018,5,1
实用新型,江苏省电力公司扬州供电公司,2012,9,1
发明授权,重庆植恩药业有限公司,2015,9,1
发明授权,瑞士西门子有限公司,2009,1,1
发明授权,小米科技有限责任公司,2018,4,1
发明授权,北京毛豆科技有限公司,2017,10,1
发明公开,安徽中涣防务装备技术股份有限公司,2017,5,1
发明公开,施萨姆公司,2014,10,1
发明授权,住友橡胶工业株式会社,2017,10,1
发明授权,天津科润农业科技股份有限公司,2015,10,1
发明授权,中冶华天工程技术有限公司,2019,4,1
发明授权,法伊布拉卡斯特有限公司,2017,10,1
发明授权,东方电气集团东方锅炉股份有限公司,2017,10,1
发明授权,美国政府由美国国家航空航天局局长作为代表,2017,10,1
发明授权,株式会社LG化学,2017,10,1
发明授权,宇部材料工业株式会社,2017,10,1
发明授权,贵州振华风光半导体有限公司,2015,11,1
实用新型,松下知识产权经营株式会社,2018,3,1
发明授权,杭州锅炉集团股份有限公司,2017,10,1
发明授权,丰田自动车株式会社,2019,2,1
发明公开,镇江市金禄机械有限公司,2018,1,1
发明授权,DIC株式会社,2017,10,1
发明授权,常熟市承禹环境科技有限公司,2015,9,1
发明授权,浙江恒泰电工有限公司,2015,12,1
实用新型,广东坚朗五金制品股份有限公司,2018,1,1
发明授权,河南省众邦伟业科技有限公司,2017,10,1
发明授权,辽宁航宇星物联仪表科技有限公司,2017,10,1
发明授权,福州瑞芯微电子股份有限公司,2017,10,1
发明授权,巴斯夫欧洲公司,2014,8,1
发明授权,埃塞力达技术新加坡有限私人贸易公司,2017,10,1
发明授权,四川大学,2014,8,1
发明公开,3M创新有限公司,2007,11,1
发明授权,雷德康实验室有限公司,2014,7,1
发明授权,京信通信系统(中国)有限公司,2017,10,1
发明授权,苏州日和科技有限公司,2017,10,1
发明授权,国网北京市电力公司,2017,4,1
发明授权,恩格尔奥地利有限公司,2014,7,1
发明授权,北京思特奇信息技术股份有限公司,2017,10,1
发明授权,HRL实验室有限责任公司,2017,10,1
发明授权,东莞汉旭五金塑胶科技有限公司,2017,10,1
外观专利,汕头市奥斯达食品有限公司,2005,6,1
发明授权,青岛歌尔声学科技有限公司,2016,3,1
发明授权,深圳市瑞捷恩科技有限公司,2018,4,1
实用新型,安徽科元三维技术有限公司,2018,1,1
发明授权,台达电子工业股份有限公司,2014,8,1
发明授权,腾讯科技(深圳)有限公司,2015,7,1
发明授权,宏牛加热元件有限及两合公司,2019,1,1
实用新型,厦门瑞尔特卫浴科技股份有限公司,2018,3,1
发明授权,北京京东尚科信息技术有限公司,2019,1,1
实用新型,国网天津市电力公司,2014,9,1
实用新型,贵州华桂钼镍股份有限公司,2014,6,1
发明授权,长兴蓝杉生物科技有限公司,2018,4,1
实用新型,苏州净华水处理设备有限公司,2016,1,1
发明授权,宁波优学智能科技有限公司,2018,4,1
发明授权,天津赛象科技股份有限公司,2018,4,1
发明授权,株洲南车时代电气股份有限公司,2015,9,1
发明授权,通用汽车环球科技运作公司,2014,7,1
发明授权,北京戴尔维动力电池系统科技有限公司,2014,8,1
发明授权,国立大学法人京都大学,2017,10,1
发明授权,梅特勒-托利多(常州)精密仪器有限公司,2015,9,1
发明授权,中国海洋石油总公司,2014,8,1
发明授权,苏州普滤得净化股份有限公司,2015,9,1
发明授权,鸿海精密工业股份有限公司,2015,9,1
发明授权,浙江绿萌健康科技股份有限公司,2018,4,1
发明授权,ABB技术有限公司,2015,9,1
实用新型,北京九州大地生物技术集团股份有限公司,2018,6,1
发明授权,旺宏电子股份有限公司,2014,8,1
实用新型,无锡汉思特电器科技有限公司,2015,6,1
发明授权,海洋王照明科技股份有限公司,2016,7,1
发明授权,起亚自动车株式会社,2015,9,1
发明授权,费瑟特-链接公司,2018,4,1
发明授权,日本电气株式会社,2018,4,1
发明授权,上海华为技术有限公司,2018,4,1
发明授权,鸿海精密工业股份有限公司,2018,4,1
发明授权,松下知识产权经营株式会社,2018,4,1
发明授权,雅马哈发动机株式会社,2018,4,1
发明授权,高通股份有限公司,2014,7,1
发明授权,摩托罗拉移动公司,2015,9,1
发明授权,康宁光缆系统有限责任公司,2014,7,1
发明授权,英特赛尔美国股份有限公司,2014,7,1
发明授权,江苏辉达塑模科技有限公司,2014,8,1
发明授权,横滨橡胶株式会社,2018,4,1
发明授权,协和合金株式会社,2014,7,1
发明公开,温州市朴红农业科技有限公司,2017,4,1
发明授权,浙江工业大学,2014,7,1
发明授权,中国科学院宁波材料技术与工程研究所,2019,2,1
发明授权,杭州中美华东制药有限公司,2014,7,1
发明授权,瓦卢瑞克石油天然气法国有限公司,2015,10,1
发明授权,阿尔卑斯电气株式会社,2014,7,1
发明授权,河北钢铁股份有限公司唐山分公司,2014,7,1
外观专利,新兴县粤兴华不锈钢制品有限公司,2011,11,2
发明授权,宁波市镇海西门专利技术开发有限公司,2014,7,1
发明授权,广东大华农动物保健品股份有限公司,2014,7,1
发明授权,中国航空工业集团公司北京航空材料研究院,2014,7,1
发明授权,肇庆大华农生物药品有限公司,2014,7,1
发明公开,浙江智辰能源科技有限公司,2018,1,1
发明授权,太阳专利信托公司,2017,6,1
发明授权,中国石油集团西北地质研究所,2014,10,1
发明授权,深圳市创鑫激光股份有限公司,2019,2,1
发明授权,柳州国福科技有限公司,2019,2,1
实用新型,深圳市金正方科技有限公司,2013,7,1
发明授权,重庆前卫仪表有限责任公司,2012,8,1
发明授权,人和未来生物科技(长沙)有限公司,2019,2,1
发明授权,马鞍山奥特佳机电有限公司,2019,2,1
发明授权,中国南玻集团股份有限公司,2017,10,1
发明授权,安徽长中刷业有限公司,2019,2,1
外观专利,贵州神奇制药有限公司,2005,3,1
发明授权,浙江传化华洋化工有限公司,2019,2,1
实用新型,洛阳烨翔实业有限公司,2014,3,1
发明授权,杭州启澄科技有限公司,2019,2,1
发明授权,国网山东省电力公司电力科学研究院,2019,2,1
发明授权,国网山东省电力公司济南供电公司,2019,2,1
发明公开,新昌县利安轴承有限公司,2019,2,1
发明授权,上海俊尔新材料有限公司,2019,2,1
发明公开,中国石化仪征化纤有限责任公司,2018,7,1
发明授权,山东钢铁股份有限公司,2019,2,1
发明授权,石家庄奋进科技有限公司,2015,9,1
发明授权,北京字节跳动科技有限公司,2019,2,1
发明授权,苏州达方电子有限公司,2015,10,1
发明授权,东芝电梯株式会社,2019,2,1
发明授权,成都中科唯实仪器有限责任公司,2019,2,1
发明授权,昆山工研院新型平板显示技术中心有限公司,2019,2,1
发明公开,康普连通比利时私人有限公司,2018,5,1
发明授权,杭州联络互动信息科技股份有限公司,2019,2,1
实用新型,宁波登煌医疗器材有限公司,2015,3,1
发明授权,中国商用飞机有限责任公司,2019,2,1
发明公开,贵州万牛酒业有限公司,2017,12,1
发明授权,上海飞机客户服务有限公司,2019,2,1
实用新型,江苏蜀铭电气设备有限公司,2018,6,1
发明授权,中国十九冶集团有限公司,2019,2,1
发明授权,国家电网公司,2019,2,1
发明授权,奥林巴斯株式会社,2019,2,1
实用新型,国家电网公司,2014,9,1
发明公开,深圳市宏智力科技有限公司,2018,5,1
实用新型,北京中冶设备研究设计总院有限公司,2013,8,1
发明公开,思柏精密模具注塑(无锡)有限公司,2018,9,1
外观专利,洽洽食品股份有限公司,2017,10,1
实用新型,湖南亮财汽车安全科技有限公司,2011,9,1
发明授权,罗伯特·博世有限公司,2017,5,1
发明授权,日清食品控股株式会社,2013,4,1
实用新型,海太半导体(无锡)有限公司,2017,10,1
实用新型,哈尔滨东安汽车发动机制造有限公司,2016,1,2
发明授权,平湖英厚机械有限公司,2017,12,1
发明授权,江苏云涌电子科技股份有限公司,2017,6,1
实用新型,芜湖禾丰离合器有限公司,2014,9,1
发明授权,伊鲁米纳剑桥有限公司,2018,4,1
实用新型,杏晖光学(厦门)有限公司,2015,8,1
发明授权,苏州新区佳合塑胶有限公司,2014,7,1
实用新型,翼龙设备(大连)有限公司,2017,10,1
发明公开,通用汽车环球科技运作有限责任公司,2015,11,1
发明授权,台湾积体电路制造股份有限公司,2015,10,1
发明授权,比亚迪股份有限公司,2018,5,1
发明公开,株式会社电装,2011,1,1
外观专利,浙江裕隆实业股份有限公司,2005,7,1
发明公开,太阳化学公司,2003,4,1
发明公开,力创(台山)电子科技有限公司,2012,7,1
发明公开,气体运输技术公司,2001,3,1
实用新型,河南勃达微波设备有限责任公司,2013,7,2
发明授权,幻音数码有限公司,2013,2,1
发明授权,中国石油化工股份有限公司抚顺石油化工研究院,2017,11,1
发明授权,国家电网公司,2017,4,1
发明公开,国家电网公司,2017,8,1
发明授权,北京猎豹移动科技有限公司,2017,10,1
实用新型,东芝照明技术株式会社,2014,3,1
实用新型,上海森林特种钢门有限公司,2014,3,1
发明授权,中海油新能源投资有限责任公司,2014,8,1
实用新型,苏州世力源科技有限公司,2015,8,1
发明公开,中船黄埔文冲船舶有限公司,2015,6,1
实用新型,佛山市顺德区励研机械科技有限公司,2018,6,1
发明公开,艾尼股份公司,2017,9,1
发明公开,天津瀛德科技有限公司,2016,5,1
发明授权,重庆万桥交通科技发展有限公司,2019,4,1
实用新型,大连船舶重工集团装备制造有限公司,2013,6,1
实用新型,江苏奥维信亨通光学科技有限公司,2014,3,1
发明公开,夏普株式会社,2019,1,1
发明授权,三星电子株式会社,2014,8,1
发明公开,忆术控股股份有限公司,2019,1,1
发明公开,通用电气公司,2018,10,1
发明公开,重庆恒祥机械设备租赁有限公司,2014,6,1
发明授权,光明乳业股份有限公司,2014,12,1
发明授权,无锡市派克重型铸锻有限公司,2014,10,1
发明授权,霍加纳斯股份有限公司,2017,6,1
外观专利,青岛荣花边有限公司,2006,10,2
实用新型,苏州荔记得机械工程科技有限公司,2018,10,1
发明授权,上海奇想青晨新材料科技股份有限公司,2014,8,1
实用新型,丰上工业股份有限公司,2018,1,1
发明公开,比亚迪股份有限公司,2016,7,1
发明公开,延锋安道拓座椅有限公司,2017,12,1
实用新型,广东安沛电力有限公司,2018,6,2
发明授权,苏州景泓生物技术有限公司,2015,10,1
外观专利,宜兴市水处理成套设备厂,1996,12,1
发明公开,无锡市稀土永磁厂,2018,1,1
发明授权,南京广康协生物医药技术有限公司,2015,9,1
实用新型,山西中条山新型建材有限公司,2015,1,1
发明授权,爱思开海力士有限公司,2017,5,1
发明授权,美光科技公司,2019,2,1
实用新型,希柯环保设备(上海)有限公司,2018,9,1
外观专利,内蒙古蒙牛乳业(集团)股份有限公司,2005,3,1
发明授权,汕头超声显示器技术有限公司,2015,12,1
实用新型,江苏大同盟制药有限公司,2018,2,1
发明公开,亚太优势微系统股份有限公司,2010,12,1
发明公开,张家港市藏联生物研究所有限公司,2017,3,1
发明授权,河南省日立信股份有限公司,2015,10,1
实用新型,珠海格力电器股份有限公司,2015,6,1
实用新型,泉州东山机械有限公司,2015,1,1
发明公开,中国医药集团总公司四川抗菌素工业研究所,2014,10,1
发明授权,株洲南方燃气轮机成套制造安装有限公司,2015,10,1
发明公开,金川集团股份有限公司,2016,2,1
外观专利,江门联和发动机有限公司,2005,12,1
发明授权,迈来芯科技有限公司,2017,10,1
发明公开,楠盛股份有限公司,2007,3,1
发明公开,中国船舶重工集团公司第七二四研究所,2018,9,1
外观专利,牡丹江富通汽车空调有限公司,2005,12,2
发明授权,伊莱利利公司,2006,8,1
发明授权,北京理工大学,2017,6,1
实用新型,北海益通电子科技有限公司,2014,10,1
实用新型,陈卫昭,2014,10,1
实用新型,叶俊明,2014,10,1
实用新型,特新光电科技股份有限公司,2014,2,1
发明授权,北京北方世纪纤维素技术开发有限公司,2017,6,1
发明授权,江苏德川汇汽车科技有限公司,2018,2,1
实用新型,天津豪鑫精密模具有限公司,2014,10,1
实用新型,江苏科凌医疗器械有限公司,2015,1,1
发明授权,杭州华三通信技术有限公司,2014,11,1
